year,variable,ctag,vtag,scenario,units,type,latbox,error,error_min,error_max,meanvalue,value,nmodels,model
1850,nbp,carbon_cycle,nbp,historical,PgC/yr,Simulated,global,3.193556195,-2.863911269,5.893037868,0.812696429,0.019700796,1,CMIP5
1850,nbp,carbon_cycle,nbp_HL,historical,PgC/yr,Simulated,HL,0.162879215,0.013777639,0.387085755,0.153303651,0.060621969,1,CMIP5
1850,nbp,carbon_cycle,nbp_LL,historical,PgC/yr,Simulated,LL,3.000262815,-2.892738043,5.361825015,0.663100472,-0.077654593,1,CMIP5
1851,nbp,carbon_cycle,nbp,historical,PgC/yr,Simulated,global,2.3263853,-2.110618382,4.199654705,-0.026220978,-0.358285123,1,CMIP5
1851,nbp,carbon_cycle,nbp_HL,historical,PgC/yr,Simulated,HL,0.252934512,-0.550054407,0.113455714,-0.163223791,-0.142897527,1,CMIP5
1851,nbp,carbon_cycle,nbp_LL,historical,PgC/yr,Simulated,LL,2.197330396,-1.776748614,4.246006332,0.103650252,-0.371966679,1,CMIP5
1852,nbp,carbon_cycle,nbp,historical,PgC/yr,Simulated,global,4.771950295,-1.419883711,11.1692118,1.659679658,0.191754426,1,CMIP5
1852,nbp,carbon_cycle,nbp_HL,historical,PgC/yr,Simulated,HL,0.568168134,-0.317656957,1.242744217,0.213971631,0.088728525,1,CMIP5
1852,nbp,carbon_cycle,nbp_LL,historical,PgC/yr,Simulated,LL,4.135258407,-1.56095085,9.559327225,1.384689667,0.241026837,1,CMIP5
1853,nbp,carbon_cycle,nbp,historical,PgC/yr,Simulated,global,4.868187748,-11.35918477,2.418776448,-2.359717722,-0.909384291,1,CMIP5
1853,nbp,carbon_cycle,nbp_HL,historical,PgC/yr,Simulated,HL,0.775393484,-1.74660365,0.369623966,-0.211834514,0.040964177,1,CMIP5
1853,nbp,carbon_cycle,nbp_LL,historical,PgC/yr,Simulated,LL,4.08777246,-9.563360871,2.020774996,-2.1400356,-0.950348747,1,CMIP5
1854,nbp,carbon_cycle,nbp,historical,PgC/yr,Simulated,global,6.005409072,-15.71961356,0.650331272,-3.821059094,-2.093282578,1,CMIP5
1854,nbp,carbon_cycle,nbp_HL,historical,PgC/yr,Simulated,HL,0.315164282,-0.563879603,0.144757158,-0.154901605,-0.012824174,1,CMIP5
1854,nbp,carbon_cycle,nbp_LL,historical,PgC/yr,Simulated,LL,5.655064803,-14.66418679,1.156679362,-3.537376407,-2.093073279,1,CMIP5
1855,nbp,carbon_cycle,nbp,historical,PgC/yr,Simulated,global,3.900274795,-6.254543543,5.35226764,-0.289279518,-0.564643895,1,CMIP5
1855,nbp,carbon_cycle,nbp_HL,historical,PgC/yr,Simulated,HL,0.527093643,-1.181416994,0.232140172,-0.14085953,-0.022174398,1,CMIP5
1855,nbp,carbon_cycle,nbp_LL,historical,PgC/yr,Simulated,LL,3.405195008,-5.096224925,4.764008709,-0.217075304,-0.534262641,1,CMIP5
1856,nbp,carbon_cycle,nbp,historical,PgC/yr,Simulated,global,3.136844542,-4.536771574,2.708640381,-0.777040622,-0.112433482,1,CMIP5
1856,nbp,carbon_cycle,nbp_HL,historical,PgC/yr,Simulated,HL,0.210763645,-0.333521638,0.213301847,-0.058535792,-0.075658234,1,CMIP5
1856,nbp,carbon_cycle,nbp_LL,historical,PgC/yr,Simulated,LL,3.017723493,-4.195668196,2.997128257,-0.653599948,-0.28427049,1,CMIP5
1857,nbp,carbon_cycle,nbp,historical,PgC/yr,Simulated,global,3.326667706,-0.809059726,7.849853449,2.523903599,1.938189295,1,CMIP5
1857,nbp,carbon_cycle,nbp_HL,historical,PgC/yr,Simulated,HL,0.180924565,-0.212155812,0.263456963,0.030648259,-0.016855004,1,CMIP5
1857,nbp,carbon_cycle,nbp_LL,historical,PgC/yr,Simulated,LL,3.091619358,-0.792811988,7.018040299,2.359436728,1.978221799,1,CMIP5
1858,nbp,carbon_cycle,nbp,historical,PgC/yr,Simulated,global,1.148990123,-1.398323545,1.320633933,-0.361520339,-0.794475195,1,CMIP5
1858,nbp,carbon_cycle,nbp_HL,historical,PgC/yr,Simulated,HL,0.36316939,-0.224584819,0.697772974,0.057867063,-0.088402315,1,CMIP5
1858,nbp,carbon_cycle,nbp_LL,historical,PgC/yr,Simulated,LL,1.089067139,-1.171984965,1.437895997,-0.369425433,-0.9247486,1,CMIP5
1859,nbp,carbon_cycle,nbp,historical,PgC/yr,Simulated,global,1.59120139,-3.311450103,1.309408054,-0.736403652,-1.083477659,1,CMIP5
1859,nbp,carbon_cycle,nbp_HL,historical,PgC/yr,Simulated,HL,0.363031886,-0.545033315,0.518094083,0.05575734,0.007057221,1,CMIP5
1859,nbp,carbon_cycle,nbp_LL,historical,PgC/yr,Simulated,LL,1.558276827,-3.213180841,0.937737825,-0.729095024,-0.865623916,1,CMIP5
1860,nbp,carbon_cycle,nbp,historical,PgC/yr,Simulated,global,4.962266562,-6.920109957,9.527801313,0.282320396,-0.130007118,1,CMIP5
1860,nbp,carbon_cycle,nbp_HL,historical,PgC/yr,Simulated,HL,0.414452741,-0.938049563,0.26486135,-0.011085817,0.105387367,1,CMIP5
1860,nbp,carbon_cycle,nbp_LL,historical,PgC/yr,Simulated,LL,4.423970842,-5.923286885,8.5451589,0.198403219,-0.235394558,1,CMIP5
1861,nbp,carbon_cycle,nbp,historical,PgC/yr,Simulated,global,3.178628089,-3.663605837,7.372919521,0.509285224,0.134857687,1,CMIP5
1861,nbp,carbon_cycle,nbp_HL,historical,PgC/yr,Simulated,HL,0.306935525,-0.676431449,0.207169459,-0.084383166,0.048223834,1,CMIP5
1861,nbp,carbon_cycle,nbp_LL,historical,PgC/yr,Simulated,LL,3.111226005,-3.859321645,6.865713547,0.463816355,0.181120863,1,CMIP5
1862,nbp,carbon_cycle,nbp,historical,PgC/yr,Simulated,global,3.798452441,-4.208920887,7.393797065,0.365334687,-0.655217685,1,CMIP5
1862,nbp,carbon_cycle,nbp_HL,historical,PgC/yr,Simulated,HL,0.290105554,-0.47604842,0.546004708,0.050883884,0.111718392,1,CMIP5
1862,nbp,carbon_cycle,nbp_LL,historical,PgC/yr,Simulated,LL,3.733341141,-4.29794997,7.469276886,0.25291685,-0.669048197,1,CMIP5
1863,nbp,carbon_cycle,nbp,historical,PgC/yr,Simulated,global,3.920323677,-2.774789845,8.887830951,1.075911202,-0.181171882,1,CMIP5
1863,nbp,carbon_cycle,nbp_HL,historical,PgC/yr,Simulated,HL,0.206355727,-0.500812421,0.138613375,-0.05445038,-0.004071529,1,CMIP5
1863,nbp,carbon_cycle,nbp_LL,historical,PgC/yr,Simulated,LL,3.756348788,-2.913403329,8.146074875,0.985263429,-0.178027542,1,CMIP5
1864,nbp,carbon_cycle,nbp,historical,PgC/yr,Simulated,global,1.683421347,-2.31729729,2.722444956,0.607218103,0.892944703,1,CMIP5
1864,nbp,carbon_cycle,nbp_HL,historical,PgC/yr,Simulated,HL,0.44355992,-0.37164475,1.099190201,0.086758543,-0.006154168,1,CMIP5
1864,nbp,carbon_cycle,nbp_LL,historical,PgC/yr,Simulated,LL,1.538335455,-2.071335332,2.237490391,0.540978218,0.822881276,1,CMIP5
1865,nbp,carbon_cycle,nbp,historical,PgC/yr,Simulated,global,5.512194204,-9.676215717,7.15198565,0.755361058,1.023055593,1,CMIP5
1865,nbp,carbon_cycle,nbp_HL,historical,PgC/yr,Simulated,HL,0.300788981,-0.147672063,0.674704611,0.165225413,0.122185144,1,CMIP5
1865,nbp,carbon_cycle,nbp_LL,historical,PgC/yr,Simulated,LL,5.278212347,-9.141842823,6.603186205,0.708449484,0.963266783,1,CMIP5
1866,nbp,carbon_cycle,nbp,historical,PgC/yr,Simulated,global,5.110827534,-1.881992614,13.08713268,3.152662489,1.477636981,1,CMIP5
1866,nbp,carbon_cycle,nbp_HL,historical,PgC/yr,Simulated,HL,0.418438877,-0.484564833,0.852577979,-0.003835095,-0.062059109,1,CMIP5
1866,nbp,carbon_cycle,nbp_LL,historical,PgC/yr,Simulated,LL,4.882070972,-1.848024074,12.64019672,3.053157848,1.649214668,1,CMIP5
1867,nbp,carbon_cycle,nbp,historical,PgC/yr,Simulated,global,2.332011106,-3.63444634,4.594165043,0.500692593,0.714762944,1,CMIP5
1867,nbp,carbon_cycle,nbp_HL,historical,PgC/yr,Simulated,HL,0.39823683,-0.386808031,0.962103474,0.064575959,0.017677445,1,CMIP5
1867,nbp,carbon_cycle,nbp_LL,historical,PgC/yr,Simulated,LL,2.199766163,-3.424553957,4.352012726,0.475001504,0.75856761,1,CMIP5
1868,nbp,carbon_cycle,nbp,historical,PgC/yr,Simulated,global,2.528304768,-4.737793336,2.739172896,-1.018666824,-1.306354535,1,CMIP5
1868,nbp,carbon_cycle,nbp_HL,historical,PgC/yr,Simulated,HL,0.396435731,-0.969428557,0.365281602,-0.133148242,-0.059571343,1,CMIP5
1868,nbp,carbon_cycle,nbp_LL,historical,PgC/yr,Simulated,LL,2.422212537,-4.493303107,2.937910354,-0.825898038,-0.920697991,1,CMIP5
1869,nbp,carbon_cycle,nbp,historical,PgC/yr,Simulated,global,4.216792764,-10.14551354,5.098815911,-1.443902391,-1.304889625,1,CMIP5
1869,nbp,carbon_cycle,nbp_HL,historical,PgC/yr,Simulated,HL,0.210111517,-0.495279462,0.137454743,-0.051339334,0.032339258,1,CMIP5
1869,nbp,carbon_cycle,nbp_LL,historical,PgC/yr,Simulated,LL,3.872468266,-9.36300224,4.620351876,-1.410597673,-1.383182111,1,CMIP5
1870,nbp,carbon_cycle,nbp,historical,PgC/yr,Simulated,global,5.930588291,-16.35943052,4.272611724,-2.653288036,-1.374077173,1,CMIP5
1870,nbp,carbon_cycle,nbp_HL,historical,PgC/yr,Simulated,HL,0.150787594,-0.32854976,0.147862306,-0.065810064,-0.081655966,1,CMIP5
1870,nbp,carbon_cycle,nbp_LL,historical,PgC/yr,Simulated,LL,5.727134128,-15.8278728,3.921899817,-2.550841451,-1.24106524,1,CMIP5
1871,nbp,carbon_cycle,nbp,historical,PgC/yr,Simulated,global,4.308420391,-6.636446134,8.968959891,0.208296924,-0.277383537,1,CMIP5
1871,nbp,carbon_cycle,nbp_HL,historical,PgC/yr,Simulated,HL,0.272517922,-0.561970368,0.226634109,-0.129874149,-0.159397792,1,CMIP5
1871,nbp,carbon_cycle,nbp_LL,historical,PgC/yr,Simulated,LL,3.976703184,-6.168975517,8.301332695,0.245285795,-0.049316935,1,CMIP5
1872,nbp,carbon_cycle,nbp,historical,PgC/yr,Simulated,global,4.916231524,-4.680844699,11.47079236,0.490108269,-0.442065785,1,CMIP5
1872,nbp,carbon_cycle,nbp_HL,historical,PgC/yr,Simulated,HL,0.41988649,-1.108055347,0.166814477,-0.205968056,-0.036137506,1,CMIP5
1872,nbp,carbon_cycle,nbp_LL,historical,PgC/yr,Simulated,LL,4.61630559,-4.714981593,10.4952038,0.520144207,-0.56545325,1,CMIP5
1873,nbp,carbon_cycle,nbp,historical,PgC/yr,Simulated,global,4.786366873,-3.124849662,11.93333107,0.648141619,-0.415403867,1,CMIP5
1873,nbp,carbon_cycle,nbp_HL,historical,PgC/yr,Simulated,HL,0.410466066,-0.737687925,0.56732413,-0.145849605,-0.13801487,1,CMIP5
1873,nbp,carbon_cycle,nbp_LL,historical,PgC/yr,Simulated,LL,4.239921796,-2.964695811,10.58686499,0.672449943,-0.344785315,1,CMIP5
1874,nbp,carbon_cycle,nbp,historical,PgC/yr,Simulated,global,5.620204206,-5.534760519,13.10217493,0.121140811,-0.695273104,1,CMIP5
1874,nbp,carbon_cycle,nbp_HL,historical,PgC/yr,Simulated,HL,0.403242792,-0.468764204,0.888329697,0.087637067,0.048134944,1,CMIP5
1874,nbp,carbon_cycle,nbp_LL,historical,PgC/yr,Simulated,LL,5.045318187,-5.503432563,11.4934322,-0.054698337,-0.834787541,1,CMIP5
1875,nbp,carbon_cycle,nbp,historical,PgC/yr,Simulated,global,1.808336791,-2.733389202,1.916861209,-0.400473875,-0.749050878,1,CMIP5
1875,nbp,carbon_cycle,nbp_HL,historical,PgC/yr,Simulated,HL,0.172766327,-0.149384278,0.375649917,0.115886538,0.088930322,1,CMIP5
1875,nbp,carbon_cycle,nbp_LL,historical,PgC/yr,Simulated,LL,1.717968689,-2.711206621,1.594245849,-0.516518223,-0.789292713,1,CMIP5
1876,nbp,carbon_cycle,nbp,historical,PgC/yr,Simulated,global,3.096908347,-8.163231424,1.362670448,-1.500714988,-0.672289336,1,CMIP5
1876,nbp,carbon_cycle,nbp_HL,historical,PgC/yr,Simulated,HL,0.492296503,-1.243405657,0.11357167,-0.290424138,-0.122068355,1,CMIP5
1876,nbp,carbon_cycle,nbp_LL,historical,PgC/yr,Simulated,LL,2.718899314,-7.24535714,1.250666672,-1.234985612,-0.572055671,1,CMIP5
1877,nbp,carbon_cycle,nbp,historical,PgC/yr,Simulated,global,5.448163313,-2.454265865,14.4850007,1.880079632,-0.384645017,1,CMIP5
1877,nbp,carbon_cycle,nbp_HL,historical,PgC/yr,Simulated,HL,0.235806906,-0.430364904,0.410050926,0.035081748,0.018631093,1,CMIP5
1877,nbp,carbon_cycle,nbp_LL,historical,PgC/yr,Simulated,LL,5.025805897,-2.86431707,13.13353548,1.678172599,-0.31099373,1,CMIP5
1878,nbp,carbon_cycle,nbp,historical,PgC/yr,Simulated,global,5.850026283,-2.441079887,15.91292311,2.534509687,0.392317442,1,CMIP5
1878,nbp,carbon_cycle,nbp_HL,historical,PgC/yr,Simulated,HL,0.189741078,-0.152782889,0.41447002,0.074663295,0.066827319,1,CMIP5
1878,nbp,carbon_cycle,nbp_LL,historical,PgC/yr,Simulated,LL,5.447865911,-2.503346486,14.56411043,2.248053044,0.133754409,1,CMIP5
1879,nbp,carbon_cycle,nbp,historical,PgC/yr,Simulated,global,5.324500127,-9.291247504,8.504330022,-0.007567724,-0.00497563,1,CMIP5
1879,nbp,carbon_cycle,nbp_HL,historical,PgC/yr,Simulated,HL,0.189610935,-0.248064957,0.346437379,-0.016788899,-0.059114003,1,CMIP5
1879,nbp,carbon_cycle,nbp_LL,historical,PgC/yr,Simulated,LL,5.153483136,-9.191846194,7.865233157,-0.046477959,0.057229879,1,CMIP5
1880,nbp,carbon_cycle,nbp,historical,PgC/yr,Simulated,global,3.709750258,-4.980303991,7.374240663,-0.078412959,-0.831159465,1,CMIP5
1880,nbp,carbon_cycle,nbp_HL,historical,PgC/yr,Simulated,HL,0.422266825,-0.438414739,0.969330938,0.053151437,0.011125334,1,CMIP5
1880,nbp,carbon_cycle,nbp_LL,historical,PgC/yr,Simulated,LL,3.58851335,-4.445512089,7.26482897,-0.056471703,-0.837291148,1,CMIP5
1881,nbp,carbon_cycle,nbp,historical,PgC/yr,Simulated,global,2.657627701,-1.800649141,5.476666316,0.672184394,-0.255007409,1,CMIP5
1881,nbp,carbon_cycle,nbp_HL,historical,PgC/yr,Simulated,HL,0.365631863,-0.746917302,0.556011749,0.057394823,0.117181431,1,CMIP5
1881,nbp,carbon_cycle,nbp_LL,historical,PgC/yr,Simulated,LL,2.531032173,-1.961774771,5.356871673,0.603694251,-0.065693524,1,CMIP5
1882,nbp,carbon_cycle,nbp,historical,PgC/yr,Simulated,global,4.981059699,-3.285292352,9.97818556,2.021881474,1.108621208,1,CMIP5
1882,nbp,carbon_cycle,nbp_HL,historical,PgC/yr,Simulated,HL,0.336050095,-0.261650172,0.793415863,0.083641782,0.040482701,1,CMIP5
1882,nbp,carbon_cycle,nbp_LL,historical,PgC/yr,Simulated,LL,4.661815609,-3.092491254,9.102975762,1.826228821,1.014326436,1,CMIP5
1883,nbp,carbon_cycle,nbp,historical,PgC/yr,Simulated,global,5.116726431,-0.853717616,14.74908999,2.469524308,0.650778169,1,CMIP5
1883,nbp,carbon_cycle,nbp_HL,historical,PgC/yr,Simulated,HL,0.2196337,-0.185588402,0.527635174,0.021296138,-0.021254702,1,CMIP5
1883,nbp,carbon_cycle,nbp_LL,historical,PgC/yr,Simulated,LL,4.566519707,-0.826022209,13.17017053,2.297070923,0.708118267,1,CMIP5
1884,nbp,carbon_cycle,nbp,historical,PgC/yr,Simulated,global,4.661383282,0.407822198,14.83395602,4.68478694,3.370817575,1,CMIP5
1884,nbp,carbon_cycle,nbp_HL,historical,PgC/yr,Simulated,HL,0.469636438,-0.501819398,0.925063673,0.210205505,0.120136481,1,CMIP5
1884,nbp,carbon_cycle,nbp_LL,historical,PgC/yr,Simulated,LL,4.449875062,0.343877243,14.27270344,4.41099003,3.019341261,1,CMIP5
1885,nbp,carbon_cycle,nbp,historical,PgC/yr,Simulated,global,4.812350091,-4.261559142,8.209836176,1.723488976,1.754659816,1,CMIP5
1885,nbp,carbon_cycle,nbp_HL,historical,PgC/yr,Simulated,HL,0.452423057,-0.279871505,1.011609639,0.152875345,0.046348496,1,CMIP5
1885,nbp,carbon_cycle,nbp_LL,historical,PgC/yr,Simulated,LL,4.688522611,-4.377180555,7.703585451,1.640113164,1.802946599,1,CMIP5
1886,nbp,carbon_cycle,nbp,historical,PgC/yr,Simulated,global,3.469647719,-4.617461593,6.075191566,2.323067481,3.198254889,1,CMIP5
1886,nbp,carbon_cycle,nbp_HL,historical,PgC/yr,Simulated,HL,0.390358008,-0.292226211,0.952165745,0.19736851,0.230809148,1,CMIP5
1886,nbp,carbon_cycle,nbp_LL,historical,PgC/yr,Simulated,LL,3.46302116,-4.672037315,6.060888166,2.193494984,2.984360343,1,CMIP5
1887,nbp,carbon_cycle,nbp,historical,PgC/yr,Simulated,global,5.58342515,-2.714937694,15.15285688,3.113998739,1.725584933,1,CMIP5
1887,nbp,carbon_cycle,nbp_HL,historical,PgC/yr,Simulated,HL,0.207062812,-0.289353812,0.403127975,-0.018793453,-0.051280211,1,CMIP5
1887,nbp,carbon_cycle,nbp_LL,historical,PgC/yr,Simulated,LL,5.411389202,-2.670039189,14.58943732,3.107756825,1.746377908,1,CMIP5
1888,nbp,carbon_cycle,nbp,historical,PgC/yr,Simulated,global,3.04033216,-0.583235891,9.680895841,2.974549915,2.095915622,1,CMIP5
1888,nbp,carbon_cycle,nbp_HL,historical,PgC/yr,Simulated,HL,0.217015784,-0.081113894,0.545518388,0.167065832,0.12694948,1,CMIP5
1888,nbp,carbon_cycle,nbp_LL,historical,PgC/yr,Simulated,LL,2.927168494,-0.558194105,9.257388354,2.767303229,1.933448975,1,CMIP5
1889,nbp,carbon_cycle,nbp,historical,PgC/yr,Simulated,global,3.086152526,-1.885840371,8.165649073,1.058118453,0.670868031,1,CMIP5
1889,nbp,carbon_cycle,nbp_HL,historical,PgC/yr,Simulated,HL,0.290008137,-0.514019351,0.237272219,-0.089414371,-0.044918823,1,CMIP5
1889,nbp,carbon_cycle,nbp_LL,historical,PgC/yr,Simulated,LL,2.836101167,-1.773866735,7.502998936,1.032776214,0.540960892,1,CMIP5
1890,nbp,carbon_cycle,nbp,historical,PgC/yr,Simulated,global,3.991146835,-6.420299718,7.754596681,1.292346744,1.247705886,1,CMIP5
1890,nbp,carbon_cycle,nbp_HL,historical,PgC/yr,Simulated,HL,0.155376696,-0.071105516,0.362742732,0.073751195,0.015392403,1,CMIP5
1890,nbp,carbon_cycle,nbp_LL,historical,PgC/yr,Simulated,LL,3.945248831,-6.456660432,7.503417087,1.189519739,1.068704469,1,CMIP5
1891,nbp,carbon_cycle,nbp,historical,PgC/yr,Simulated,global,3.670158524,-3.064743534,9.382893622,1.127946765,-0.124291743,1,CMIP5
1891,nbp,carbon_cycle,nbp_HL,historical,PgC/yr,Simulated,HL,0.297567077,-0.253561791,0.686687485,0.132387798,0.090917731,1,CMIP5
1891,nbp,carbon_cycle,nbp_LL,historical,PgC/yr,Simulated,LL,3.400803741,-3.489570893,8.206000714,0.923600388,-0.200548365,1,CMIP5
1892,nbp,carbon_cycle,nbp,historical,PgC/yr,Simulated,global,3.933564708,-3.466643003,8.19986044,1.823341446,1.767411008,1,CMIP5
1892,nbp,carbon_cycle,nbp_HL,historical,PgC/yr,Simulated,HL,0.408229868,-0.567725755,0.73706416,-0.022530754,-0.047191546,1,CMIP5
1892,nbp,carbon_cycle,nbp_LL,historical,PgC/yr,Simulated,LL,3.621715935,-3.090610912,7.104076643,1.751054468,1.664199039,1,CMIP5
1893,nbp,carbon_cycle,nbp,historical,PgC/yr,Simulated,global,2.097151095,-2.647565466,3.346252265,0.609488929,0.873626951,1,CMIP5
1893,nbp,carbon_cycle,nbp_HL,historical,PgC/yr,Simulated,HL,0.569254031,-0.617401184,1.286590514,0.035126586,-0.050395962,1,CMIP5
1893,nbp,carbon_cycle,nbp_LL,historical,PgC/yr,Simulated,LL,1.895517187,-2.696265552,3.144076356,0.63465923,1.082844864,1,CMIP5
1894,nbp,carbon_cycle,nbp,historical,PgC/yr,Simulated,global,2.882933052,-6.648264187,1.559697766,-0.674987206,0.559933823,1,CMIP5
1894,nbp,carbon_cycle,nbp_HL,historical,PgC/yr,Simulated,HL,0.381041315,-0.329669096,0.865480872,0.202995529,0.193248829,1,CMIP5
1894,nbp,carbon_cycle,nbp_LL,historical,PgC/yr,Simulated,LL,2.86153584,-6.746516904,1.496161988,-0.746676232,0.669295966,1,CMIP5
1895,nbp,carbon_cycle,nbp,historical,PgC/yr,Simulated,global,3.018119619,-2.336674346,6.449769796,0.291798122,-0.631195112,1,CMIP5
1895,nbp,carbon_cycle,nbp_HL,historical,PgC/yr,Simulated,HL,0.367988214,-0.303011551,0.809625674,0.092168415,-0.03991019,1,CMIP5
1895,nbp,carbon_cycle,nbp_LL,historical,PgC/yr,Simulated,LL,2.965029959,-2.532346019,6.429004656,0.174681036,-0.650186507,1,CMIP5
1896,nbp,carbon_cycle,nbp,historical,PgC/yr,Simulated,global,4.683844535,-6.095073815,9.315021024,-0.201968489,-0.355011264,1,CMIP5
1896,nbp,carbon_cycle,nbp_HL,historical,PgC/yr,Simulated,HL,0.24246124,-0.584898408,0.250394081,-0.025158696,0.01864992,1,CMIP5
1896,nbp,carbon_cycle,nbp_LL,historical,PgC/yr,Simulated,LL,4.474886842,-5.840966678,8.768850744,-0.286212723,-0.385165642,1,CMIP5
1897,nbp,carbon_cycle,nbp,historical,PgC/yr,Simulated,global,1.472081057,-2.916935644,1.650710389,-0.767376632,-0.567188076,1,CMIP5
1897,nbp,carbon_cycle,nbp_HL,historical,PgC/yr,Simulated,HL,0.412287851,-0.968902125,0.274880876,-0.161043333,-0.060442111,1,CMIP5
1897,nbp,carbon_cycle,nbp_LL,historical,PgC/yr,Simulated,LL,1.28943553,-2.589932591,1.375829955,-0.607786248,-0.588924146,1,CMIP5
1898,nbp,carbon_cycle,nbp,historical,PgC/yr,Simulated,global,3.383860638,-4.2121275,7.569274561,0.036803174,-0.705898989,1,CMIP5
1898,nbp,carbon_cycle,nbp_HL,historical,PgC/yr,Simulated,HL,0.365573777,-1.045521885,0.12443608,-0.247986334,-0.157257124,1,CMIP5
1898,nbp,carbon_cycle,nbp_LL,historical,PgC/yr,Simulated,LL,3.298036796,-3.986294877,7.570722206,0.184954165,-0.595860024,1,CMIP5
1899,nbp,carbon_cycle,nbp,historical,PgC/yr,Simulated,global,3.048023423,-5.661047135,4.887135893,0.696808408,1.221567625,1,CMIP5
1899,nbp,carbon_cycle,nbp_HL,historical,PgC/yr,Simulated,HL,0.202888961,-0.073782674,0.4513197,0.112256478,0.032829773,1,CMIP5
1899,nbp,carbon_cycle,nbp_LL,historical,PgC/yr,Simulated,LL,2.90094282,-5.611669203,4.466957956,0.532754565,1.19145593,1,CMIP5
1900,nbp,carbon_cycle,nbp,historical,PgC/yr,Simulated,global,7.139933246,-13.35642602,12.27812142,-0.740867846,-0.174211962,1,CMIP5
1900,nbp,carbon_cycle,nbp_HL,historical,PgC/yr,Simulated,HL,0.282276668,-0.570364586,0.413555634,-0.049019299,-0.018326542,1,CMIP5
1900,nbp,carbon_cycle,nbp_LL,historical,PgC/yr,Simulated,LL,6.630739333,-12.38926711,11.17289976,-0.778430406,-0.110338613,1,CMIP5
1901,nbp,carbon_cycle,nbp,historical,PgC/yr,Simulated,global,7.856251929,-19.77868845,8.199395559,-2.394321483,-1.105812244,1,CMIP5
1901,nbp,carbon_cycle,nbp_HL,historical,PgC/yr,Simulated,HL,0.295113666,-0.508636126,0.284848725,-0.029591132,0.027615704,1,CMIP5
1901,nbp,carbon_cycle,nbp_LL,historical,PgC/yr,Simulated,LL,7.300533017,-18.6056975,7.325798534,-2.352677683,-1.158888853,1,CMIP5
1902,nbp,carbon_cycle,nbp,historical,PgC/yr,Simulated,global,7.110144186,-11.7920893,11.85408096,-0.367747972,0.807397119,1,CMIP5
1902,nbp,carbon_cycle,nbp_HL,historical,PgC/yr,Simulated,HL,0.196238852,-0.188817384,0.346954796,0.039663685,0.000639886,1,CMIP5
1902,nbp,carbon_cycle,nbp_LL,historical,PgC/yr,Simulated,LL,6.707372185,-11.36311984,10.67937063,-0.466249213,0.871557704,1,CMIP5
1903,nbp,carbon_cycle,nbp,historical,PgC/yr,Simulated,global,4.917593986,-10.75437807,4.641053088,0.275286342,1.408639172,1,CMIP5
1903,nbp,carbon_cycle,nbp_HL,historical,PgC/yr,Simulated,HL,0.332005199,-0.485312075,0.578700833,-0.050474845,-0.117998222,1,CMIP5
1903,nbp,carbon_cycle,nbp_LL,historical,PgC/yr,Simulated,LL,4.871847476,-10.7764297,4.416618144,0.329878692,1.484437703,1,CMIP5
1904,nbp,carbon_cycle,nbp,historical,PgC/yr,Simulated,global,2.669578918,-1.77113878,6.434463445,1.127330086,0.560687421,1,CMIP5
1904,nbp,carbon_cycle,nbp_HL,historical,PgC/yr,Simulated,HL,0.403473462,-0.518059625,0.855483733,-0.022988912,-0.078681443,1,CMIP5
1904,nbp,carbon_cycle,nbp_LL,historical,PgC/yr,Simulated,LL,2.583082003,-1.670130173,6.585776041,1.16633269,0.523863516,1,CMIP5
1905,nbp,carbon_cycle,nbp,historical,PgC/yr,Simulated,global,4.028472974,-8.203140673,3.295164544,-1.829742531,-1.140298379,1,CMIP5
1905,nbp,carbon_cycle,nbp_HL,historical,PgC/yr,Simulated,HL,0.596867755,-1.03648728,0.985544426,-0.013658195,-0.042815928,1,CMIP5
1905,nbp,carbon_cycle,nbp_LL,historical,PgC/yr,Simulated,LL,4.067455685,-8.283484547,3.286286114,-1.621503932,-0.577780593,1,CMIP5
1906,nbp,carbon_cycle,nbp,historical,PgC/yr,Simulated,global,1.877989979,-3.490502045,1.120582029,-0.595625655,0.000895227,1,CMIP5
1906,nbp,carbon_cycle,nbp_HL,historical,PgC/yr,Simulated,HL,0.283923719,-0.598847823,0.282061577,-0.02155635,0.007130094,1,CMIP5
1906,nbp,carbon_cycle,nbp_LL,historical,PgC/yr,Simulated,LL,1.604577714,-3.068114374,0.927650959,-0.546513917,-0.006234734,1,CMIP5
1907,nbp,carbon_cycle,nbp,historical,PgC/yr,Simulated,global,2.583493319,-2.140791043,6.053700392,0.199568275,-0.678217247,1,CMIP5
1907,nbp,carbon_cycle,nbp_HL,historical,PgC/yr,Simulated,HL,0.496919085,-1.024076186,0.534136855,-0.180709925,-0.155545075,1,CMIP5
1907,nbp,carbon_cycle,nbp_LL,historical,PgC/yr,Simulated,LL,2.513827533,-1.927191882,5.773892451,0.294003595,-0.485372032,1,CMIP5
1908,nbp,carbon_cycle,nbp,historical,PgC/yr,Simulated,global,3.36466639,-6.668931304,5.396439359,-0.29437473,-0.198392828,1,CMIP5
1908,nbp,carbon_cycle,nbp_HL,historical,PgC/yr,Simulated,HL,0.346479858,-0.657375949,0.571814454,0.047257654,0.036508292,1,CMIP5
1908,nbp,carbon_cycle,nbp_LL,historical,PgC/yr,Simulated,LL,3.133798117,-6.497438069,4.632679333,-0.326009313,-0.173846035,1,CMIP5
1909,nbp,carbon_cycle,nbp,historical,PgC/yr,Simulated,global,3.655255216,-9.449343712,2.291287873,-1.660237657,-1.034782298,1,CMIP5
1909,nbp,carbon_cycle,nbp_HL,historical,PgC/yr,Simulated,HL,0.231264017,-0.146696486,0.418837472,0.098776713,0.038178298,1,CMIP5
1909,nbp,carbon_cycle,nbp_LL,historical,PgC/yr,Simulated,LL,3.609267802,-9.320361251,2.43060374,-1.656164464,-1.1547783,1,CMIP5
1910,nbp,carbon_cycle,nbp,historical,PgC/yr,Simulated,global,5.0957305,-7.873980243,10.11478491,-0.107192341,-0.582129968,1,CMIP5
1910,nbp,carbon_cycle,nbp_HL,historical,PgC/yr,Simulated,HL,0.201327105,-0.15676549,0.518439339,0.096103323,0.05915429,1,CMIP5
1910,nbp,carbon_cycle,nbp_LL,historical,PgC/yr,Simulated,LL,4.684588773,-7.44228432,9.108624044,-0.269273217,-0.683510396,1,CMIP5
1911,nbp,carbon_cycle,nbp,historical,PgC/yr,Simulated,global,3.412466427,-5.386337076,5.828128642,0.741927217,0.59264985,1,CMIP5
1911,nbp,carbon_cycle,nbp_HL,historical,PgC/yr,Simulated,HL,0.282800092,-0.363005833,0.493271122,0.053142408,0.026543584,1,CMIP5
1911,nbp,carbon_cycle,nbp_LL,historical,PgC/yr,Simulated,LL,3.098999855,-5.023330928,5.064324602,0.637402859,0.559728187,1,CMIP5
1912,nbp,carbon_cycle,nbp,historical,PgC/yr,Simulated,global,2.459483901,-3.194060444,4.66596116,1.033440861,0.766568856,1,CMIP5
1912,nbp,carbon_cycle,nbp_HL,historical,PgC/yr,Simulated,HL,0.374973971,-0.798622512,0.373507683,-0.069428685,-0.084715373,1,CMIP5
1912,nbp,carbon_cycle,nbp_LL,historical,PgC/yr,Simulated,LL,2.372377617,-3.353730697,4.193651105,1.022278234,1.014686418,1,CMIP5
1913,nbp,carbon_cycle,nbp,historical,PgC/yr,Simulated,global,3.880786383,-5.545933233,6.682982231,-0.761187908,-0.26651453,1,CMIP5
1913,nbp,carbon_cycle,nbp_HL,historical,PgC/yr,Simulated,HL,0.468751169,-0.503295589,0.837148488,0.141081495,0.075154392,1,CMIP5
1913,nbp,carbon_cycle,nbp_LL,historical,PgC/yr,Simulated,LL,3.606058161,-5.947127414,5.845834565,-0.816029076,-0.384133459,1,CMIP5
1914,nbp,carbon_cycle,nbp,historical,PgC/yr,Simulated,global,4.935652988,-4.870776312,10.3544559,0.007445881,-0.512233774,1,CMIP5
1914,nbp,carbon_cycle,nbp_HL,historical,PgC/yr,Simulated,HL,0.387587607,-0.535331701,0.570168572,0.092125774,0.062120156,1,CMIP5
1914,nbp,carbon_cycle,nbp_LL,historical,PgC/yr,Simulated,LL,4.654396047,-4.694558992,9.690928364,-0.204677293,-0.943132916,1,CMIP5
1915,nbp,carbon_cycle,nbp,historical,PgC/yr,Simulated,global,5.416034543,-7.635605553,10.65110294,-0.38781425,-0.721774748,1,CMIP5
1915,nbp,carbon_cycle,nbp_HL,historical,PgC/yr,Simulated,HL,0.389641343,-0.48943908,0.762922,0.094529237,0.104082537,1,CMIP5
1915,nbp,carbon_cycle,nbp_LL,historical,PgC/yr,Simulated,LL,5.064748243,-7.443789156,9.323284061,-0.510404533,-0.535675347,1,CMIP5
1916,nbp,carbon_cycle,nbp,historical,PgC/yr,Simulated,global,4.289231357,-10.50834127,2.509407776,-1.451833493,0.168319445,1,CMIP5
1916,nbp,carbon_cycle,nbp_HL,historical,PgC/yr,Simulated,HL,0.344351866,-0.734369871,0.309388518,-0.023627475,0.048432905,1,CMIP5
1916,nbp,carbon_cycle,nbp_LL,historical,PgC/yr,Simulated,LL,3.966552063,-9.527049237,2.485786834,-1.398878836,0.012943254,1,CMIP5
1917,nbp,carbon_cycle,nbp,historical,PgC/yr,Simulated,global,2.574332215,-5.655261479,1.843455082,-1.791733112,-1.096861709,1,CMIP5
1917,nbp,carbon_cycle,nbp_HL,historical,PgC/yr,Simulated,HL,0.338378346,-0.320915821,0.648842672,0.110141803,-0.013415758,1,CMIP5
1917,nbp,carbon_cycle,nbp_LL,historical,PgC/yr,Simulated,LL,2.610459568,-5.569635973,1.704015424,-1.887028686,-1.126173862,1,CMIP5
1918,nbp,carbon_cycle,nbp,historical,PgC/yr,Simulated,global,3.912219976,-2.476459646,9.488810842,1.075378613,0.325111127,1,CMIP5
1918,nbp,carbon_cycle,nbp_HL,historical,PgC/yr,Simulated,HL,0.297946856,-0.221942347,0.539747628,0.1130381,0.005788446,1,CMIP5
1918,nbp,carbon_cycle,nbp_LL,historical,PgC/yr,Simulated,LL,3.524901834,-2.458958417,8.39542517,0.831229602,0.296032194,1,CMIP5
1919,nbp,carbon_cycle,nbp,historical,PgC/yr,Simulated,global,5.357813721,-13.45019523,3.807557341,-0.840392776,1.011584508,1,CMIP5
1919,nbp,carbon_cycle,nbp_HL,historical,PgC/yr,Simulated,HL,0.26028268,-0.510106248,0.323400381,-0.028014511,-0.034627763,1,CMIP5
1919,nbp,carbon_cycle,nbp_LL,historical,PgC/yr,Simulated,LL,5.004605103,-12.52582392,3.484156639,-0.758370234,0.926126176,1,CMIP5
1920,nbp,carbon_cycle,nbp,historical,PgC/yr,Simulated,global,5.427128589,-5.813380771,11.95868235,2.115229544,1.123727096,1,CMIP5
1920,nbp,carbon_cycle,nbp_HL,historical,PgC/yr,Simulated,HL,0.254244835,-0.62439244,0.170776257,-0.134557142,-0.058894746,1,CMIP5
1920,nbp,carbon_cycle,nbp_LL,historical,PgC/yr,Simulated,LL,5.290375317,-5.621161096,11.76731779,2.066058742,1.153623562,1,CMIP5
1921,nbp,carbon_cycle,nbp,historical,PgC/yr,Simulated,global,3.489468224,-4.994460357,5.435593344,0.125391498,0.127172266,1,CMIP5
1921,nbp,carbon_cycle,nbp_HL,historical,PgC/yr,Simulated,HL,0.348939477,-0.550577109,0.635300672,0.008655267,-0.035783316,1,CMIP5
1921,nbp,carbon_cycle,nbp_LL,historical,PgC/yr,Simulated,LL,3.481557556,-5.225909676,5.645853016,0.030445798,-0.033812201,1,CMIP5
1922,nbp,carbon_cycle,nbp,historical,PgC/yr,Simulated,global,3.315436803,-2.284172269,8.396814882,1.685913236,0.372794586,1,CMIP5
1922,nbp,carbon_cycle,nbp_HL,historical,PgC/yr,Simulated,HL,0.407217724,-0.440687478,0.850764395,0.056033434,0.037647526,1,CMIP5
1922,nbp,carbon_cycle,nbp_LL,historical,PgC/yr,Simulated,LL,3.323414845,-2.470920987,8.38792357,1.504629945,0.345823379,1,CMIP5
1923,nbp,carbon_cycle,nbp,historical,PgC/yr,Simulated,global,6.788650608,-3.347222207,17.26726568,2.168758095,0.036949976,1,CMIP5
1923,nbp,carbon_cycle,nbp_HL,historical,PgC/yr,Simulated,HL,0.264630826,-0.117226068,0.74215016,0.241942703,0.238554964,1,CMIP5
1923,nbp,carbon_cycle,nbp_LL,historical,PgC/yr,Simulated,LL,6.349109406,-3.517940511,15.52184475,1.733536941,-0.17055033,1,CMIP5
1924,nbp,carbon_cycle,nbp,historical,PgC/yr,Simulated,global,4.337898865,-5.797643798,6.819675809,1.080829302,1.182841969,1,CMIP5
1924,nbp,carbon_cycle,nbp_HL,historical,PgC/yr,Simulated,HL,0.404341996,-0.439718799,0.724542886,0.133923246,0.049209281,1,CMIP5
1924,nbp,carbon_cycle,nbp_LL,historical,PgC/yr,Simulated,LL,4.391275592,-6.489122349,6.679077401,0.806881753,0.821735157,1,CMIP5
1925,nbp,carbon_cycle,nbp,historical,PgC/yr,Simulated,global,2.49128794,-6.185298557,0.667465377,-1.561655717,-0.874747826,1,CMIP5
1925,nbp,carbon_cycle,nbp_HL,historical,PgC/yr,Simulated,HL,0.201957874,-0.07085282,0.51951228,0.173928227,0.154512557,1,CMIP5
1925,nbp,carbon_cycle,nbp_LL,historical,PgC/yr,Simulated,LL,2.402119493,-6.312011093,0.446614872,-1.673489154,-0.872744379,1,CMIP5
1926,nbp,carbon_cycle,nbp,historical,PgC/yr,Simulated,global,4.893229658,-3.129364993,10.90932251,2.592483191,0.761771297,1,CMIP5
1926,nbp,carbon_cycle,nbp_HL,historical,PgC/yr,Simulated,HL,0.27934254,-0.349380402,0.595221741,0.161071244,0.148500025,1,CMIP5
1926,nbp,carbon_cycle,nbp_LL,historical,PgC/yr,Simulated,LL,4.680175912,-3.542942397,9.640778057,2.291516426,0.683491266,1,CMIP5
1927,nbp,carbon_cycle,nbp,historical,PgC/yr,Simulated,global,5.915254355,-0.100050859,16.09366908,4.190501,1.624663403,1,CMIP5
1927,nbp,carbon_cycle,nbp_HL,historical,PgC/yr,Simulated,HL,0.355246919,-0.187063284,0.94996302,0.189882508,0.110940078,1,CMIP5
1927,nbp,carbon_cycle,nbp_LL,historical,PgC/yr,Simulated,LL,5.603912917,-0.0519952,15.6028527,3.856951902,1.312314975,1,CMIP5
1928,nbp,carbon_cycle,nbp,historical,PgC/yr,Simulated,global,4.675387314,-1.62297757,12.69343455,1.945585716,0.303950512,1,CMIP5
1928,nbp,carbon_cycle,nbp_HL,historical,PgC/yr,Simulated,HL,0.547346371,-0.495922015,1.44801473,0.363209975,0.341718941,1,CMIP5
1928,nbp,carbon_cycle,nbp_LL,historical,PgC/yr,Simulated,LL,4.768162419,-1.991033008,12.57509497,1.580789054,0.084324633,1,CMIP5
1929,nbp,carbon_cycle,nbp,historical,PgC/yr,Simulated,global,3.281746888,-3.766041529,7.333049156,0.763862386,0.11225143,1,CMIP5
1929,nbp,carbon_cycle,nbp_HL,historical,PgC/yr,Simulated,HL,0.517874226,-0.714888254,0.907568044,0.283801343,0.355969696,1,CMIP5
1929,nbp,carbon_cycle,nbp_LL,historical,PgC/yr,Simulated,LL,3.239773449,-4.299707114,6.231068905,0.427832625,0.077846792,1,CMIP5
1930,nbp,carbon_cycle,nbp,historical,PgC/yr,Simulated,global,4.51660321,-3.703874413,10.556256,1.819063358,0.895025312,1,CMIP5
1930,nbp,carbon_cycle,nbp_HL,historical,PgC/yr,Simulated,HL,0.232907068,-0.008972888,0.780855007,0.314147268,0.282455599,1,CMIP5
1930,nbp,carbon_cycle,nbp_LL,historical,PgC/yr,Simulated,LL,4.185487396,-3.99431164,9.228113812,1.418142375,0.585017419,1,CMIP5
1931,nbp,carbon_cycle,nbp,historical,PgC/yr,Simulated,global,2.620334946,-3.751293743,3.926796753,0.52586458,0.735055639,1,CMIP5
1931,nbp,carbon_cycle,nbp_HL,historical,PgC/yr,Simulated,HL,0.373596996,-0.258942988,0.955289162,0.126096871,0.089835313,1,CMIP5
1931,nbp,carbon_cycle,nbp_LL,historical,PgC/yr,Simulated,LL,2.320125477,-3.288432374,3.059883503,0.409924723,0.607184491,1,CMIP5
1932,nbp,carbon_cycle,nbp,historical,PgC/yr,Simulated,global,1.35598282,-2.258296695,1.814739577,-0.404412098,-0.779419902,1,CMIP5
1932,nbp,carbon_cycle,nbp_HL,historical,PgC/yr,Simulated,HL,0.379185045,-0.560422927,0.701242655,0.147586734,0.166985714,1,CMIP5
1932,nbp,carbon_cycle,nbp_LL,historical,PgC/yr,Simulated,LL,1.056660029,-1.736798051,1.113496496,-0.55159154,-0.822148848,1,CMIP5
1933,nbp,carbon_cycle,nbp,historical,PgC/yr,Simulated,global,3.716245984,-8.121435598,3.469431848,-0.557642903,0.406673537,1,CMIP5
1933,nbp,carbon_cycle,nbp_HL,historical,PgC/yr,Simulated,HL,0.289317235,-0.289713225,0.551239414,0.13358861,0.119678029,1,CMIP5
1933,nbp,carbon_cycle,nbp_LL,historical,PgC/yr,Simulated,LL,3.53727373,-7.577402823,3.378852537,-0.674067989,0.344784095,1,CMIP5
1934,nbp,carbon_cycle,nbp,historical,PgC/yr,Simulated,global,5.994161551,-5.49173392,14.62229817,1.253458818,0.551398249,1,CMIP5
1934,nbp,carbon_cycle,nbp_HL,historical,PgC/yr,Simulated,HL,0.195001385,-5.61E-05,0.521563491,0.25680638,0.270963524,1,CMIP5
1934,nbp,carbon_cycle,nbp_LL,historical,PgC/yr,Simulated,LL,5.550071398,-5.627401155,13.13778029,0.897975669,0.416455664,1,CMIP5
1935,nbp,carbon_cycle,nbp,historical,PgC/yr,Simulated,global,2.797291974,-3.981216948,4.109306657,0.296291171,0.569013799,1,CMIP5
1935,nbp,carbon_cycle,nbp_HL,historical,PgC/yr,Simulated,HL,0.258770196,-0.13133724,0.669026354,0.180898549,0.144917507,1,CMIP5
1935,nbp,carbon_cycle,nbp_LL,historical,PgC/yr,Simulated,LL,2.528465261,-3.722768074,3.41296236,0.12591191,0.371142051,1,CMIP5
1936,nbp,carbon_cycle,nbp,historical,PgC/yr,Simulated,global,2.34534455,-4.229289006,2.794758765,-0.62221966,-0.647957885,1,CMIP5
1936,nbp,carbon_cycle,nbp_HL,historical,PgC/yr,Simulated,HL,0.335175639,-0.41455924,0.573461763,-0.050160974,-0.082910991,1,CMIP5
1936,nbp,carbon_cycle,nbp_LL,historical,PgC/yr,Simulated,LL,2.222407845,-3.814729001,2.912759582,-0.602968399,-0.570819107,1,CMIP5
1937,nbp,carbon_cycle,nbp,historical,PgC/yr,Simulated,global,1.896100042,-2.654634295,2.854377808,-0.267294343,-0.351878885,1,CMIP5
1937,nbp,carbon_cycle,nbp_HL,historical,PgC/yr,Simulated,HL,0.37287404,-0.538219972,0.370853127,0.030013442,0.141277815,1,CMIP5
1937,nbp,carbon_cycle,nbp_LL,historical,PgC/yr,Simulated,LL,1.890049651,-3.004430952,2.469948346,-0.319307917,-0.148248897,1,CMIP5
1938,nbp,carbon_cycle,nbp,historical,PgC/yr,Simulated,global,6.96473866,-19.57274103,2.431991138,-3.170708915,-2.043398062,1,CMIP5
1938,nbp,carbon_cycle,nbp_HL,historical,PgC/yr,Simulated,HL,0.452061926,-0.926015508,0.568506486,0.057701703,0.049450342,1,CMIP5
1938,nbp,carbon_cycle,nbp_LL,historical,PgC/yr,Simulated,LL,6.415648367,-18.08585742,2.348301038,-3.115920152,-2.036351094,1,CMIP5
1939,nbp,carbon_cycle,nbp,historical,PgC/yr,Simulated,global,5.497167385,-14.66228224,2.7639574,-1.765482957,0.367105797,1,CMIP5
1939,nbp,carbon_cycle,nbp_HL,historical,PgC/yr,Simulated,HL,0.237823237,-0.286241862,0.335009291,0.053510754,0.074092334,1,CMIP5
1939,nbp,carbon_cycle,nbp_LL,historical,PgC/yr,Simulated,LL,5.247628046,-13.95587642,2.602176881,-1.737496204,0.122322736,1,CMIP5
1940,nbp,carbon_cycle,nbp,historical,PgC/yr,Simulated,global,9.928928424,-19.77391169,14.65393259,-0.310895011,1.37173491,1,CMIP5
1940,nbp,carbon_cycle,nbp_HL,historical,PgC/yr,Simulated,HL,0.428685969,-0.266917332,0.969287936,0.235131715,0.181419589,1,CMIP5
1940,nbp,carbon_cycle,nbp_LL,historical,PgC/yr,Simulated,LL,9.201979856,-18.78759495,12.86657226,-0.560561008,1.332337764,1,CMIP5
1941,nbp,carbon_cycle,nbp,historical,PgC/yr,Simulated,global,4.24098688,-10.01692708,1.647102348,-2.880532235,-1.501735786,1,CMIP5
1941,nbp,carbon_cycle,nbp_HL,historical,PgC/yr,Simulated,HL,0.521799306,-0.238038211,1.159072885,0.315840396,0.035447854,1,CMIP5
1941,nbp,carbon_cycle,nbp_LL,historical,PgC/yr,Simulated,LL,3.872293701,-9.437956606,0.895277502,-2.991954425,-1.525070185,1,CMIP5
1942,nbp,carbon_cycle,nbp,historical,PgC/yr,Simulated,global,3.275337657,-7.817805892,1.605186475,-2.655532348,-1.639966156,1,CMIP5
1942,nbp,carbon_cycle,nbp_HL,historical,PgC/yr,Simulated,HL,0.258681253,-0.365236504,0.285904755,-0.008667527,0.002848457,1,CMIP5
1942,nbp,carbon_cycle,nbp_LL,historical,PgC/yr,Simulated,LL,3.224390322,-7.723341237,1.319282269,-2.55101336,-1.642814447,1,CMIP5
1943,nbp,carbon_cycle,nbp,historical,PgC/yr,Simulated,global,4.893792935,-7.149305874,8.827113335,0.307791747,0.703424004,1,CMIP5
1943,nbp,carbon_cycle,nbp_HL,historical,PgC/yr,Simulated,HL,0.266297739,-0.326583231,0.526873528,0.136164427,0.159538721,1,CMIP5
1943,nbp,carbon_cycle,nbp_LL,historical,PgC/yr,Simulated,LL,4.645583454,-6.615191758,8.075232098,0.093585522,0.52855164,1,CMIP5
1944,nbp,carbon_cycle,nbp,historical,PgC/yr,Simulated,global,6.704050762,-15.98372485,5.128158472,-1.888272081,-0.946881056,1,CMIP5
1944,nbp,carbon_cycle,nbp_HL,historical,PgC/yr,Simulated,HL,0.31832207,-0.060336951,0.848873793,0.197837923,0.097468922,1,CMIP5
1944,nbp,carbon_cycle,nbp_LL,historical,PgC/yr,Simulated,LL,6.37096328,-15.49083495,4.279284793,-2.051584259,-1.144001621,1,CMIP5
1945,nbp,carbon_cycle,nbp,historical,PgC/yr,Simulated,global,2.025000113,-5.851768394,-0.564406205,-2.602669288,-2.001468975,1,CMIP5
1945,nbp,carbon_cycle,nbp_HL,historical,PgC/yr,Simulated,HL,0.199902705,-0.06679657,0.585387186,0.128788128,0.090820341,1,CMIP5
1945,nbp,carbon_cycle,nbp_LL,historical,PgC/yr,Simulated,LL,1.879214451,-5.815659835,-1.149793421,-2.643671094,-2.068801699,1,CMIP5
1946,nbp,carbon_cycle,nbp,historical,PgC/yr,Simulated,global,4.035399892,-5.630738908,7.495850736,-0.660293565,-0.912271171,1,CMIP5
1946,nbp,carbon_cycle,nbp_HL,historical,PgC/yr,Simulated,HL,0.34187095,-0.484113812,0.536144052,0.141984869,0.135439898,1,CMIP5
1946,nbp,carbon_cycle,nbp_LL,historical,PgC/yr,Simulated,LL,3.927270701,-6.090470814,6.856315833,-0.874733344,-1.224316213,1,CMIP5
1947,nbp,carbon_cycle,nbp,historical,PgC/yr,Simulated,global,5.556894253,-8.460061032,10.86349717,-0.753353747,-0.36612596,1,CMIP5
1947,nbp,carbon_cycle,nbp_HL,historical,PgC/yr,Simulated,HL,0.230363263,-0.037498268,0.623098483,0.232398708,0.178718852,1,CMIP5
1947,nbp,carbon_cycle,nbp_LL,historical,PgC/yr,Simulated,LL,5.232047731,-8.653975706,9.685567332,-1.049677504,-0.698985102,1,CMIP5
1948,nbp,carbon_cycle,nbp,historical,PgC/yr,Simulated,global,3.264045578,-6.027352799,4.561223884,-1.33053691,-0.624480371,1,CMIP5
1948,nbp,carbon_cycle,nbp_HL,historical,PgC/yr,Simulated,HL,0.222939906,-0.156596722,0.566374689,0.182665636,0.210076682,1,CMIP5
1948,nbp,carbon_cycle,nbp_LL,historical,PgC/yr,Simulated,LL,3.141288398,-6.198936053,3.874870151,-1.488275772,-0.52298417,1,CMIP5
1949,nbp,carbon_cycle,nbp,historical,PgC/yr,Simulated,global,1.931158895,-4.115824376,1.676818591,-1.370968143,-1.035967159,1,CMIP5
1949,nbp,carbon_cycle,nbp_HL,historical,PgC/yr,Simulated,HL,0.445008377,-0.198918786,1.087052214,0.375176485,0.321146973,1,CMIP5
1949,nbp,carbon_cycle,nbp_LL,historical,PgC/yr,Simulated,LL,1.848637355,-4.545397705,0.846951591,-1.65540848,-1.525004995,1,CMIP5
1950,nbp,carbon_cycle,nbp,historical,PgC/yr,Simulated,global,4.174481889,-9.75269035,2.557509951,-2.512638008,-2.179822193,1,CMIP5
1950,nbp,carbon_cycle,nbp_HL,historical,PgC/yr,Simulated,HL,0.15013912,0.024335917,0.49524089,0.218176295,0.172040282,1,CMIP5
1950,nbp,carbon_cycle,nbp_LL,historical,PgC/yr,Simulated,LL,4.010092893,-9.631057168,2.062268029,-2.670685642,-2.278016305,1,CMIP5
1951,nbp,carbon_cycle,nbp,historical,PgC/yr,Simulated,global,1.65506667,-1.381456839,3.243124097,0.241861309,-0.364857391,1,CMIP5
1951,nbp,carbon_cycle,nbp_HL,historical,PgC/yr,Simulated,HL,0.337827833,-0.115297308,0.769136647,0.307628781,0.308184369,1,CMIP5
1951,nbp,carbon_cycle,nbp_LL,historical,PgC/yr,Simulated,LL,1.568299338,-1.84597644,2.732074973,-0.050698893,-0.708640671,1,CMIP5
1952,nbp,carbon_cycle,nbp,historical,PgC/yr,Simulated,global,3.033445251,-3.137689184,6.809775137,0.595524992,0.34885878,1,CMIP5
1952,nbp,carbon_cycle,nbp_HL,historical,PgC/yr,Simulated,HL,0.301176871,-0.13490122,0.780628114,0.161228952,0.118471814,1,CMIP5
1952,nbp,carbon_cycle,nbp_LL,historical,PgC/yr,Simulated,LL,2.753833279,-3.006843455,5.81697293,0.399154468,0.250366227,1,CMIP5
1953,nbp,carbon_cycle,nbp,historical,PgC/yr,Simulated,global,2.784471058,-3.962618923,4.737066256,-0.847458689,-1.820636116,1,CMIP5
1953,nbp,carbon_cycle,nbp_HL,historical,PgC/yr,Simulated,HL,0.386219287,-0.201717943,0.950051004,0.104343788,-0.014479715,1,CMIP5
1953,nbp,carbon_cycle,nbp_LL,historical,PgC/yr,Simulated,LL,2.506916395,-3.793739426,3.846500693,-0.937277711,-1.718641,1,CMIP5
1954,nbp,carbon_cycle,nbp,historical,PgC/yr,Simulated,global,1.862485376,-4.206080008,0.805950665,-1.780172924,-1.810094842,1,CMIP5
1954,nbp,carbon_cycle,nbp_HL,historical,PgC/yr,Simulated,HL,0.37804524,-0.094476584,1.177886869,0.35704506,0.342708661,1,CMIP5
1954,nbp,carbon_cycle,nbp_LL,historical,PgC/yr,Simulated,LL,1.774216546,-4.37634023,0.155215001,-2.034996773,-1.829532596,1,CMIP5
1955,nbp,carbon_cycle,nbp,historical,PgC/yr,Simulated,global,6.034028329,-11.0077907,10.17136364,-1.79820874,-1.47668615,1,CMIP5
1955,nbp,carbon_cycle,nbp_HL,historical,PgC/yr,Simulated,HL,0.163608764,0.046053285,0.567975102,0.252740448,0.242126876,1,CMIP5
1955,nbp,carbon_cycle,nbp_LL,historical,PgC/yr,Simulated,LL,5.674738133,-10.79487224,8.982235461,-2.060579575,-1.772237355,1,CMIP5
1956,nbp,carbon_cycle,nbp,historical,PgC/yr,Simulated,global,3.920622627,-7.816186813,5.810640116,-1.443731169,-1.845212214,1,CMIP5
1956,nbp,carbon_cycle,nbp_HL,historical,PgC/yr,Simulated,HL,0.164421618,-0.03632105,0.479459046,0.207670507,0.202987156,1,CMIP5
1956,nbp,carbon_cycle,nbp_LL,historical,PgC/yr,Simulated,LL,3.800796949,-7.950071605,5.132174003,-1.660504077,-2.155446079,1,CMIP5
1957,nbp,carbon_cycle,nbp,historical,PgC/yr,Simulated,global,4.130323218,-5.762788388,7.119984148,-1.818268355,-2.411200757,1,CMIP5
1957,nbp,carbon_cycle,nbp_HL,historical,PgC/yr,Simulated,HL,0.452155204,-0.560596411,1.071550885,0.110842118,0.043649637,1,CMIP5
1957,nbp,carbon_cycle,nbp_LL,historical,PgC/yr,Simulated,LL,3.695025806,-5.526019701,5.95651354,-1.906495515,-2.497262346,1,CMIP5
1958,nbp,carbon_cycle,nbp,historical,PgC/yr,Simulated,global,3.837084294,-8.693205814,3.497643398,-1.684753064,-1.45378347,1,CMIP5
1958,nbp,carbon_cycle,nbp_HL,historical,PgC/yr,Simulated,HL,0.286438556,-0.152112743,0.762161825,0.160752049,0.053037433,1,CMIP5
1958,nbp,carbon_cycle,nbp_LL,historical,PgC/yr,Simulated,LL,3.816078566,-8.755949415,3.476965016,-1.79480466,-1.673432183,1,CMIP5
1959,nbp,carbon_cycle,nbp,historical,PgC/yr,Simulated,global,5.877509793,-7.39294003,12.67138002,0.351033853,-0.997487609,1,CMIP5
1959,nbp,carbon_cycle,nbp_HL,historical,PgC/yr,Simulated,HL,0.452836363,-0.240658901,1.15673408,0.122400954,0.02386387,1,CMIP5
1959,nbp,carbon_cycle,nbp_LL,historical,PgC/yr,Simulated,LL,5.386201589,-7.411033346,10.96933432,0.142774093,-1.107988858,1,CMIP5
1960,nbp,carbon_cycle,nbp,historical,PgC/yr,Simulated,global,2.253474073,-4.176485583,2.720883069,-0.299743382,-0.679686863,1,CMIP5
1960,nbp,carbon_cycle,nbp_HL,historical,PgC/yr,Simulated,HL,0.287948315,-0.337909809,0.598143559,0.058571423,-0.046521894,1,CMIP5
1960,nbp,carbon_cycle,nbp_LL,historical,PgC/yr,Simulated,LL,2.105077249,-4.307735326,2.152026128,-0.356929729,-0.458454078,1,CMIP5
1961,nbp,carbon_cycle,nbp,historical,PgC/yr,Simulated,global,2.135892634,-2.460240443,4.035794221,-0.592414197,-1.333270527,1,CMIP5
1961,nbp,carbon_cycle,nbp_HL,historical,PgC/yr,Simulated,HL,0.217492679,-0.046890666,0.498557293,0.220768996,0.209191631,1,CMIP5
1961,nbp,carbon_cycle,nbp_LL,historical,PgC/yr,Simulated,LL,1.994271719,-2.408022413,3.526785573,-0.803793786,-1.529995469,1,CMIP5
1962,nbp,carbon_cycle,nbp,historical,PgC/yr,Simulated,global,3.478815146,-2.196869677,7.793484636,1.834835898,0.906025421,1,CMIP5
1962,nbp,carbon_cycle,nbp_HL,historical,PgC/yr,Simulated,HL,0.319183343,-0.293506708,0.516883654,0.172628806,0.231394082,1,CMIP5
1962,nbp,carbon_cycle,nbp_LL,historical,PgC/yr,Simulated,LL,3.185778747,-1.901803976,7.118506582,1.605845944,0.82827698,1,CMIP5
1963,nbp,carbon_cycle,nbp,historical,PgC/yr,Simulated,global,3.345033733,-5.093969919,3.755046562,-0.532792391,-0.11610752,1,CMIP5
1963,nbp,carbon_cycle,nbp_HL,historical,PgC/yr,Simulated,HL,0.377525681,-0.435706471,0.741582492,0.153370017,0.093337838,1,CMIP5
1963,nbp,carbon_cycle,nbp_LL,historical,PgC/yr,Simulated,LL,3.021537278,-4.747973324,3.319406864,-0.580745366,-0.231338901,1,CMIP5
1964,nbp,carbon_cycle,nbp,historical,PgC/yr,Simulated,global,7.36471566,-4.052011485,19.60473142,2.856494897,1.742833059,1,CMIP5
1964,nbp,carbon_cycle,nbp_HL,historical,PgC/yr,Simulated,HL,0.181405505,0.082337348,0.523875496,0.26553804,0.240060671,1,CMIP5
1964,nbp,carbon_cycle,nbp_LL,historical,PgC/yr,Simulated,LL,6.769314037,-4.123546715,17.68395532,2.38671933,1.398014812,1,CMIP5
1965,nbp,carbon_cycle,nbp,historical,PgC/yr,Simulated,global,3.093523511,-3.818221957,6.1863748,1.6202682,1.480361168,1,CMIP5
1965,nbp,carbon_cycle,nbp_HL,historical,PgC/yr,Simulated,HL,0.406900889,-0.341031403,0.991115178,0.33746904,0.307329926,1,CMIP5
1965,nbp,carbon_cycle,nbp_LL,historical,PgC/yr,Simulated,LL,2.882962654,-4.175426589,5.145957052,1.27605242,1.522769266,1,CMIP5
1966,nbp,carbon_cycle,nbp,historical,PgC/yr,Simulated,global,4.545287765,-10.28624777,4.015595799,0.230819348,1.040925845,1,CMIP5
1966,nbp,carbon_cycle,nbp_HL,historical,PgC/yr,Simulated,HL,0.278353056,-0.407077016,0.451070366,0.191033242,0.278599217,1,CMIP5
1966,nbp,carbon_cycle,nbp_LL,historical,PgC/yr,Simulated,LL,4.457879616,-10.09719418,4.407830745,0.104943302,0.706375325,1,CMIP5
1967,nbp,carbon_cycle,nbp,historical,PgC/yr,Simulated,global,2.887935342,-2.961469221,5.40648175,1.388135313,1.492352634,1,CMIP5
1967,nbp,carbon_cycle,nbp_HL,historical,PgC/yr,Simulated,HL,0.499510077,-0.128181468,1.432853662,0.357327531,0.270637652,1,CMIP5
1967,nbp,carbon_cycle,nbp_LL,historical,PgC/yr,Simulated,LL,2.729893445,-3.161713347,4.226359001,1.089258706,1.279461605,1,CMIP5
1968,nbp,carbon_cycle,nbp,historical,PgC/yr,Simulated,global,5.993154434,-8.618433928,12.63615847,0.976267189,0.176361208,1,CMIP5
1968,nbp,carbon_cycle,nbp_HL,historical,PgC/yr,Simulated,HL,0.357958224,-0.32642472,0.800243861,0.245499984,0.260393054,1,CMIP5
1968,nbp,carbon_cycle,nbp_LL,historical,PgC/yr,Simulated,LL,5.503159806,-8.491726598,11.11238665,0.689202698,-0.142133469,1,CMIP5
1969,nbp,carbon_cycle,nbp,historical,PgC/yr,Simulated,global,3.051044837,-4.318016504,5.640170415,1.211258788,1.438275475,1,CMIP5
1969,nbp,carbon_cycle,nbp_HL,historical,PgC/yr,Simulated,HL,0.616526261,-0.316843541,1.735458292,0.343782244,0.137297396,1,CMIP5
1969,nbp,carbon_cycle,nbp_LL,historical,PgC/yr,Simulated,LL,2.664361702,-3.994803535,4.282976724,0.897536741,1.058913543,1,CMIP5
1970,nbp,carbon_cycle,nbp,historical,PgC/yr,Simulated,global,2.464726913,-3.793587177,4.64033363,0.667721707,1.114362738,1,CMIP5
1970,nbp,carbon_cycle,nbp_HL,historical,PgC/yr,Simulated,HL,0.38157575,-0.430845178,0.735277724,0.168766073,0.072009254,1,CMIP5
1970,nbp,carbon_cycle,nbp_LL,historical,PgC/yr,Simulated,LL,2.255522844,-3.362743089,4.035862071,0.533227045,0.968034819,1,CMIP5
1971,nbp,carbon_cycle,nbp,historical,PgC/yr,Simulated,global,3.227640919,-2.367021815,7.537706095,0.229117814,-0.438929843,1,CMIP5
1971,nbp,carbon_cycle,nbp_HL,historical,PgC/yr,Simulated,HL,0.661461535,-0.783095681,1.331535849,0.168025693,0.150062275,1,CMIP5
1971,nbp,carbon_cycle,nbp_LL,historical,PgC/yr,Simulated,LL,2.958124209,-3.300904618,6.611067178,0.060503618,-0.2725756,1,CMIP5
1972,nbp,carbon_cycle,nbp,historical,PgC/yr,Simulated,global,2.463049872,-3.785528373,3.678134077,0.966595863,1.496994273,1,CMIP5
1972,nbp,carbon_cycle,nbp_HL,historical,PgC/yr,Simulated,HL,0.387435156,-0.108670128,0.826794062,0.306825997,0.282727118,1,CMIP5
1972,nbp,carbon_cycle,nbp_LL,historical,PgC/yr,Simulated,LL,2.196469971,-3.669125465,3.147287686,0.669987724,1.16617351,1,CMIP5
1973,nbp,carbon_cycle,nbp,historical,PgC/yr,Simulated,global,3.038986209,-5.391768382,3.79444562,-0.286498841,0.071889562,1,CMIP5
1973,nbp,carbon_cycle,nbp_HL,historical,PgC/yr,Simulated,HL,0.256207339,-0.301573499,0.491850291,0.141668242,0.171446674,1,CMIP5
1973,nbp,carbon_cycle,nbp_LL,historical,PgC/yr,Simulated,LL,2.7828027,-5.081047018,3.313853529,-0.438631599,-0.289516051,1,CMIP5
1974,nbp,carbon_cycle,nbp,historical,PgC/yr,Simulated,global,4.1902781,-9.149080254,5.570613064,-0.933384907,-0.620275886,1,CMIP5
1974,nbp,carbon_cycle,nbp_HL,historical,PgC/yr,Simulated,HL,0.513844405,-0.025452705,1.207796808,0.464739531,0.299157235,1,CMIP5
1974,nbp,carbon_cycle,nbp_LL,historical,PgC/yr,Simulated,LL,4.160670775,-9.69449176,4.823958322,-1.225954439,-0.808484337,1,CMIP5
1975,nbp,carbon_cycle,nbp,historical,PgC/yr,Simulated,global,6.161512741,-11.14369992,9.170370707,0.154064459,1.678632948,1,CMIP5
1975,nbp,carbon_cycle,nbp_HL,historical,PgC/yr,Simulated,HL,0.537293644,-0.159103109,1.453047673,0.39644204,0.155335466,1,CMIP5
1975,nbp,carbon_cycle,nbp_LL,historical,PgC/yr,Simulated,LL,5.650347986,-10.85426068,7.636030479,-0.192257021,1.390606797,1,CMIP5
1976,nbp,carbon_cycle,nbp,historical,PgC/yr,Simulated,global,6.839208235,-6.832656689,16.42020137,1.367252964,0.249987356,1,CMIP5
1976,nbp,carbon_cycle,nbp_HL,historical,PgC/yr,Simulated,HL,0.381313429,-0.348483059,0.811699071,0.159310432,0.069133856,1,CMIP5
1976,nbp,carbon_cycle,nbp_LL,historical,PgC/yr,Simulated,LL,6.499534084,-7.189241821,15.12214031,1.05918863,0.236388851,1,CMIP5
1977,nbp,carbon_cycle,nbp,historical,PgC/yr,Simulated,global,5.212336312,-8.214899217,9.145669289,1.633143171,2.432246033,1,CMIP5
1977,nbp,carbon_cycle,nbp_HL,historical,PgC/yr,Simulated,HL,0.471932529,-0.191059581,0.87564005,0.347411827,0.312214595,1,CMIP5
1977,nbp,carbon_cycle,nbp_LL,historical,PgC/yr,Simulated,LL,4.969562469,-8.535333556,8.021027876,1.287044133,2.012676951,1,CMIP5
1978,nbp,carbon_cycle,nbp,historical,PgC/yr,Simulated,global,3.804388468,-1.740290034,9.107825739,2.28658622,0.94245833,1,CMIP5
1978,nbp,carbon_cycle,nbp_HL,historical,PgC/yr,Simulated,HL,0.309074449,-0.005043132,0.767473573,0.353520974,0.343966623,1,CMIP5
1978,nbp,carbon_cycle,nbp_LL,historical,PgC/yr,Simulated,LL,3.52114373,-1.814842315,7.977044612,1.884907821,0.656905188,1,CMIP5
1979,nbp,carbon_cycle,nbp,historical,PgC/yr,Simulated,global,4.405088231,-1.544563061,12.77274495,2.185689951,1.060144209,1,CMIP5
1979,nbp,carbon_cycle,nbp_HL,historical,PgC/yr,Simulated,HL,0.296343383,0.126961669,1.008131278,0.444922444,0.380703433,1,CMIP5
1979,nbp,carbon_cycle,nbp_LL,historical,PgC/yr,Simulated,LL,3.962648437,-1.684779717,11.13462883,1.667555332,0.782332534,1,CMIP5
1980,nbp,carbon_cycle,nbp,historical,PgC/yr,Simulated,global,3.268874131,-3.059585756,6.596309591,2.016173667,1.736274344,1,CMIP5
1980,nbp,carbon_cycle,nbp_HL,historical,PgC/yr,Simulated,HL,0.415746889,0.031352552,1.235996848,0.549768221,0.451598383,1,CMIP5
1980,nbp,carbon_cycle,nbp_LL,historical,PgC/yr,Simulated,LL,3.078990793,-3.717131927,5.398915836,1.513552902,1.546379547,1,CMIP5
1981,nbp,carbon_cycle,nbp,historical,PgC/yr,Simulated,global,4.753195259,-5.030591832,7.664911317,0.832124128,-1.387073294,1,CMIP5
1981,nbp,carbon_cycle,nbp_HL,historical,PgC/yr,Simulated,HL,0.41643437,-0.039744539,1.017953863,0.453014476,0.378534062,1,CMIP5
1981,nbp,carbon_cycle,nbp_LL,historical,PgC/yr,Simulated,LL,4.535055042,-5.584157433,6.479011332,0.40509969,-1.49086932,1,CMIP5
1982,nbp,carbon_cycle,nbp,historical,PgC/yr,Simulated,global,4.085203533,-9.437348743,2.782040174,-0.033850043,1.566398902,1,CMIP5
1982,nbp,carbon_cycle,nbp_HL,historical,PgC/yr,Simulated,HL,0.225445033,0.057932266,0.676000951,0.346926378,0.263056811,1,CMIP5
1982,nbp,carbon_cycle,nbp_LL,historical,PgC/yr,Simulated,LL,3.84712194,-9.228079327,2.333550913,-0.343490299,1.110545818,1,CMIP5
1983,nbp,carbon_cycle,nbp,historical,PgC/yr,Simulated,global,1.880813282,0.449397128,6.469236309,3.484629508,3.523474154,1,CMIP5
1983,nbp,carbon_cycle,nbp_HL,historical,PgC/yr,Simulated,HL,0.44284301,0.079034903,1.260987574,0.588086338,0.629450068,1,CMIP5
1983,nbp,carbon_cycle,nbp_LL,historical,PgC/yr,Simulated,LL,1.593175151,0.370362324,5.785522483,2.929289244,2.851465704,1,CMIP5
1984,nbp,carbon_cycle,nbp,historical,PgC/yr,Simulated,global,4.200032896,-2.931340934,9.300400603,1.651907918,2.310035424,1,CMIP5
1984,nbp,carbon_cycle,nbp_HL,historical,PgC/yr,Simulated,HL,0.487288111,-0.182874519,1.379862912,0.44382874,0.415693478,1,CMIP5
1984,nbp,carbon_cycle,nbp_LL,historical,PgC/yr,Simulated,LL,3.754987851,-3.406893709,7.790376234,1.200788235,2.036436165,1,CMIP5
1985,nbp,carbon_cycle,nbp,historical,PgC/yr,Simulated,global,5.302189431,-3.25367452,11.0188494,2.353539023,0.173694308,1,CMIP5
1985,nbp,carbon_cycle,nbp_HL,historical,PgC/yr,Simulated,HL,0.608588604,-0.144793684,1.575407378,0.564702216,0.611587831,1,CMIP5
1985,nbp,carbon_cycle,nbp_LL,historical,PgC/yr,Simulated,LL,4.742489396,-3.10888161,9.636030813,1.751545231,0.183648042,1,CMIP5
1986,nbp,carbon_cycle,nbp,historical,PgC/yr,Simulated,global,3.558854609,-1.713913123,7.780634467,2.905167102,2.974855733,1,CMIP5
1986,nbp,carbon_cycle,nbp_HL,historical,PgC/yr,Simulated,HL,0.338863363,0.046639887,1.013752794,0.466513503,0.515354053,1,CMIP5
1986,nbp,carbon_cycle,nbp_LL,historical,PgC/yr,Simulated,LL,3.27649106,-1.933322495,6.873098886,2.382321926,2.30020891,1,CMIP5
1987,nbp,carbon_cycle,nbp,historical,PgC/yr,Simulated,global,2.587906319,-2.093225994,5.906945149,2.795049439,2.789970812,1,CMIP5
1987,nbp,carbon_cycle,nbp_HL,historical,PgC/yr,Simulated,HL,0.345957377,0.069633659,1.104421434,0.449419382,0.468973809,1,CMIP5
1987,nbp,carbon_cycle,nbp_LL,historical,PgC/yr,Simulated,LL,2.353527812,-2.162858979,5.173691511,2.308933751,2.263078275,1,CMIP5
1988,nbp,carbon_cycle,nbp,historical,PgC/yr,Simulated,global,4.323399183,-2.787048247,10.94059017,2.015836319,1.383462406,1,CMIP5
1988,nbp,carbon_cycle,nbp_HL,historical,PgC/yr,Simulated,HL,0.534071721,-0.370254569,1.253204883,0.477196672,0.462582914,1,CMIP5
1988,nbp,carbon_cycle,nbp_LL,historical,PgC/yr,Simulated,LL,4.170642843,-2.815626493,10.14352461,1.421429579,0.803180409,1,CMIP5
1989,nbp,carbon_cycle,nbp,historical,PgC/yr,Simulated,global,4.195782678,-1.755863743,10.40133385,3.714033719,3.053863616,1,CMIP5
1989,nbp,carbon_cycle,nbp_HL,historical,PgC/yr,Simulated,HL,0.244823933,0.056586882,0.723856498,0.388370013,0.44184895,1,CMIP5
1989,nbp,carbon_cycle,nbp_LL,historical,PgC/yr,Simulated,LL,3.843216265,-1.888012325,9.432376341,3.218677563,2.479174879,1,CMIP5
1990,nbp,carbon_cycle,nbp,historical,PgC/yr,Simulated,global,7.338836615,-5.110908497,18.95015029,4.186791828,3.924112516,1,CMIP5
1990,nbp,carbon_cycle,nbp_HL,historical,PgC/yr,Simulated,HL,0.47953417,0.044161717,1.279696991,0.54958345,0.49082917,1,CMIP5
1990,nbp,carbon_cycle,nbp_LL,historical,PgC/yr,Simulated,LL,6.861694981,-5.531998003,17.21019864,3.409046516,2.871258943,1,CMIP5
1991,nbp,carbon_cycle,nbp,historical,PgC/yr,Simulated,global,3.522077558,-0.624283925,10.62829161,3.043128932,1.757169227,1,CMIP5
1991,nbp,carbon_cycle,nbp_HL,historical,PgC/yr,Simulated,HL,0.366441553,0.041598006,1.026743831,0.590322209,0.671200373,1,CMIP5
1991,nbp,carbon_cycle,nbp_LL,historical,PgC/yr,Simulated,LL,3.125200412,-0.711512066,9.172914007,2.412970694,0.99541594,1,CMIP5
1992,nbp,carbon_cycle,nbp,historical,PgC/yr,Simulated,global,3.765623998,0.008771137,9.381105875,4.919185233,5.427401523,1,CMIP5
1992,nbp,carbon_cycle,nbp_HL,historical,PgC/yr,Simulated,HL,0.398587705,0.047317098,1.06850646,0.69753522,0.893224359,1,CMIP5
1992,nbp,carbon_cycle,nbp_LL,historical,PgC/yr,Simulated,LL,3.368175416,-0.402121375,8.41887031,4.198861983,4.53188442,1,CMIP5
1993,nbp,carbon_cycle,nbp,historical,PgC/yr,Simulated,global,4.352112632,0.59961308,14.36851186,5.671976224,5.414548508,1,CMIP5
1993,nbp,carbon_cycle,nbp_HL,historical,PgC/yr,Simulated,HL,0.345261149,-0.048028566,0.962934252,0.598314296,0.683880293,1,CMIP5
1993,nbp,carbon_cycle,nbp_LL,historical,PgC/yr,Simulated,LL,3.880415715,0.647641685,12.69718937,4.953751815,4.562154296,1,CMIP5
1994,nbp,carbon_cycle,nbp,historical,PgC/yr,Simulated,global,3.307265594,1.046267942,9.503118967,4.431162754,3.847353989,1,CMIP5
1994,nbp,carbon_cycle,nbp_HL,historical,PgC/yr,Simulated,HL,0.504557553,-0.080729184,1.472911531,0.539900301,0.520587057,1,CMIP5
1994,nbp,carbon_cycle,nbp_LL,historical,PgC/yr,Simulated,LL,3.015343861,0.741426339,8.758638146,3.916143684,3.167179885,1,CMIP5
1995,nbp,carbon_cycle,nbp,historical,PgC/yr,Simulated,global,5.109494616,-4.783093009,10.79324512,2.481493832,1.383014285,1,CMIP5
1995,nbp,carbon_cycle,nbp_HL,historical,PgC/yr,Simulated,HL,0.366372268,0.075362009,1.047787294,0.54070089,0.505393172,1,CMIP5
1995,nbp,carbon_cycle,nbp_LL,historical,PgC/yr,Simulated,LL,5.037530148,-5.348155973,10.11829248,1.844719271,0.896918263,1,CMIP5
1996,nbp,carbon_cycle,nbp,historical,PgC/yr,Simulated,global,3.116968826,-1.049523353,8.374099053,2.784400827,2.593124544,1,CMIP5
1996,nbp,carbon_cycle,nbp_HL,historical,PgC/yr,Simulated,HL,0.455107592,0.075136351,1.376265859,0.606600032,0.509657959,1,CMIP5
1996,nbp,carbon_cycle,nbp_LL,historical,PgC/yr,Simulated,LL,2.720748004,-1.124659663,7.096655511,2.139231447,2.091960747,1,CMIP5
1997,nbp,carbon_cycle,nbp,historical,PgC/yr,Simulated,global,2.992084956,-1.921792603,6.495693399,2.294887359,1.714909827,1,CMIP5
1997,nbp,carbon_cycle,nbp_HL,historical,PgC/yr,Simulated,HL,0.374422542,0.045090094,0.945236272,0.563673619,0.65448052,1,CMIP5
1997,nbp,carbon_cycle,nbp_LL,historical,PgC/yr,Simulated,LL,2.75149184,-2.542115075,5.546831473,1.762744028,1.282538323,1,CMIP5
1998,nbp,carbon_cycle,nbp,historical,PgC/yr,Simulated,global,5.646782161,-11.79871243,4.815579048,0.150304469,1.498344409,1,CMIP5
1998,nbp,carbon_cycle,nbp_HL,historical,PgC/yr,Simulated,HL,0.483670958,0.001794041,1.394089081,0.779976989,0.959998453,1,CMIP5
1998,nbp,carbon_cycle,nbp_LL,historical,PgC/yr,Simulated,LL,8.589994381,-11.73682059,19.45593283,1.993412798,1.467316992,1,CMIP5
1999,nbp,carbon_cycle,nbp,historical,PgC/yr,Simulated,global,4.459588096,-1.599895171,11.04742332,2.991616065,2.171725934,1,CMIP5
1999,nbp,carbon_cycle,nbp_HL,historical,PgC/yr,Simulated,HL,0.449200229,0.041869526,1.122227913,0.55311217,0.57607634,1,CMIP5
1999,nbp,carbon_cycle,nbp_LL,historical,PgC/yr,Simulated,LL,6.950392582,-1.641765107,18.85422194,4.458923499,3.066416872,1,CMIP5
2000,nbp,carbon_cycle,nbp,historical,PgC/yr,Simulated,global,6.238249826,-1.440134587,17.64420519,4.02551939,2.956983109,1,CMIP5
2000,nbp,carbon_cycle,nbp_HL,historical,PgC/yr,Simulated,HL,0.594033883,-0.35052883,1.395837099,0.614521074,0.671881792,1,CMIP5
2000,nbp,carbon_cycle,nbp_LL,historical,PgC/yr,Simulated,LL,5.573604213,-1.646530703,15.6900067,3.255727774,2.087300338,1,CMIP5
2001,nbp,carbon_cycle,nbp,historical,PgC/yr,Simulated,global,2.501368063,-1.870858305,6.799475533,2.64813124,2.430102232,1,CMIP5
2001,nbp,carbon_cycle,nbp_HL,historical,PgC/yr,Simulated,HL,0.607022092,0.048009241,1.591854578,0.759469964,0.749249375,1,CMIP5
2001,nbp,carbon_cycle,nbp_LL,historical,PgC/yr,Simulated,LL,2.003724189,-1.918868314,5.342565367,1.920767625,1.881761659,1,CMIP5
2002,nbp,carbon_cycle,nbp,historical,PgC/yr,Simulated,global,6.018930387,-11.45312285,8.66407851,0.823839535,1.706063474,1,CMIP5
2002,nbp,carbon_cycle,nbp_HL,historical,PgC/yr,Simulated,HL,0.386292511,-0.026903502,1.184915106,0.556560423,0.579791851,1,CMIP5
2002,nbp,carbon_cycle,nbp_LL,historical,PgC/yr,Simulated,LL,5.801730137,-11.41316127,7.575472294,0.678174829,1.250251009,1,CMIP5
2003,nbp,carbon_cycle,nbp,historical,PgC/yr,Simulated,global,6.570751588,-2.555441104,16.95491082,4.940545469,3.38469406,1,CMIP5
2003,nbp,carbon_cycle,nbp_HL,historical,PgC/yr,Simulated,HL,0.505189869,-0.051662292,1.180180888,0.683042034,0.924146198,1,CMIP5
2003,nbp,carbon_cycle,nbp_LL,historical,PgC/yr,Simulated,LL,6.131006072,-2.760938933,15.3827151,4.048891639,2.368513557,1,CMIP5
2004,nbp,carbon_cycle,nbp,historical,PgC/yr,Simulated,global,3.624171506,-0.122065001,9.794589961,5.645869959,6.801040223,1,CMIP5
2004,nbp,carbon_cycle,nbp_HL,historical,PgC/yr,Simulated,HL,0.513238221,0.012833404,1.449862406,0.843105672,0.968763612,1,CMIP5
2004,nbp,carbon_cycle,nbp_LL,historical,PgC/yr,Simulated,LL,3.182552247,-0.134898421,8.37840832,4.804146191,5.59672612,1,CMIP5
2005,nbp,carbon_cycle,nbp,historical,PgC/yr,Simulated,global,3.896996142,0.17953535,10.68942864,5.306700566,5.634965306,1,CMIP5
2005,nbp,carbon_cycle,nbp_HL,historical,PgC/yr,Simulated,HL,0.574103742,0.14072608,1.730398636,0.989902072,0.907991452,1,CMIP5
2005,nbp,carbon_cycle,nbp_LL,historical,PgC/yr,Simulated,LL,3.41433226,0.038809341,9.228393333,4.267878509,4.394550295,1,CMIP5
